{
    "providers": [
        {
            "type": "bitmap",
            "file": "minecraft:custom/player.png",
            "ascent": 9,
            "height": 9,
            "chars": ["\uE004"]
        },
        {
            "type": "bitmap",
            "file": "minecraft:custom/vip.png",
            "ascent": 9,
            "height": 9,
            "chars": ["\uE005"]
        },
        {
            "type": "bitmap",
            "file": "minecraft:custom/vip.png",
            "ascent": 9,
            "height": 9,
            "chars": ["\uE006"]
        },
        {
            "type": "bitmap",
            "file": "minecraft:custom/builder.png",
            "ascent": 9,
            "height": 9,
            "chars": ["\uE007"]
        },
        {
            "type": "bitmap",
            "file": "minecraft:custom/helper.png",
            "ascent": 9,
            "height": 9,
            "chars": ["\uE008"]
        },
        {
            "type": "bitmap",
            "file": "minecraft:custom/developer.png",
            "ascent": 9,
            "height": 9,
            "chars": ["\uE009"]
        },
        {
            "type": "bitmap",
            "file": "minecraft:custom/admin.png",
            "ascent": 9,
            "height": 9,
            "chars": ["\uE001"]
        },
        {
            "type": "bitmap",
            "file": "minecraft:custom/owner.png",
            "ascent": 9,
            "height": 9,
            "chars": ["\uE002"]
        },
        {
            "type": "bitmap",
            "file": "minecraft:custom/discord.png",
            "ascent": 9,
            "height": 9,
            "chars": ["\u000A"]
        }
    ]
}